Mineprep:0.5 | 时间戳1769182282.7812517,中文,English,繁體中文,,,"② *生成器过滤类型{1:'👤', 2:'🟩' , 3:'🟥', 4:'🟨', 5:'🌊', 6:'📸', 7:'💡', 8:'👪', 9:'✨', 10:'🧱', 11:'𝓕', 12:'🔧'}",<2:放置生物>,<2:Mobs>,<2:放置生物>,,,,③,<3:预设素材>,<3:Preset>,<3:預設素材>,,,④,<4:附加组件>,<4:Attach>,<4:附加組件>,,,⑤,<5:菜单栏/提示框>,<5:Menu/Tooltip>,<5:菜單欄/提示框>,,,,⑥,<6:枚举选项>,<6:Enum Options>,<6:枚舉選項>,,,,⑦,<7:事件>,<7:Events>,<7:事件>
0,准备场景,Prep Scene,準備場景,,,👤,Steve 普通人模,Steve,Steve 普通人模,,,,🟥,VFX下界传送门,VFX Nether Portal,VFX地獄傳送門,,,🔧,拴绳,Lead,牽繩(拴繩),,,,渲染图像,Render Image,渲染圖像,,,,,"低
中
高
极高","Low
Medium
High
Epic","低 
中
高
極高",,,,,遥控灯光,Remote Control Lights,遙控燈光
1,更换材质,Swap Texture,更換材質,,,👤,Alex 细手臂人模,Alex (slim),Alex 細手臂人模,,,,🌊,可交互2D水面,Interactive 2D Water,可交互2D水面,,,✨🟨,末影粒子,Ender Particles,末影粒子,,,,渲染动画,Render Animation,渲染動畫,,,,,"8bit 4:2:0#8bit420
8bit 4:2:2#8bit422
8bit 4:4:4#8bit444
10bit 4:2:0#10bit420
10bit 4:2:2#10bit422
10bit 4:4:4#10bit444
8bit 4:2:0+Alpha#8bit420a","8bit 4:2:0#8bit420
8bit 4:2:2#8bit422
8bit 4:4:4#8bit444
10bit 4:2:0#10bit420
10bit 4:2:2#10bit422
10bit 4:4:4#10bit444
8bit 4:2:0+Alpha#8bit420a","8bit 4:2:0#8bit420
8bit 4:2:2#8bit422
8bit 4:4:4#8bit444
10bit 4:2:0#10bit420
10bit 4:2:2#10bit422
10bit 4:4:4#10bit444
8bit 4:2:0+Alpha#8bit420a",,,,,切换表情,Switch Facial Expression,切換表情
2,批量处理对象 :,Target :,批量處理對象：,,,👤,Steve+表情,Steve_face,Steve+表情,,,,🌊,可交互3D水池,Interactive 3D Water Pool,可交互3D水池,,,✨,爆炸粒子,Explosion Particles,爆炸粒子,,,,打开输出文件夹,Open Output Folder,打開輸出文件夾,,,,,"2K_120.mp4
2K_120_HDR.mp4
2K_透明_Prores.mov
2K_3D.mp4
4K_VR全景.mp4
2K_HDR.png
2K_HDR.exr
512x512_动图.gif
512x512_动图.webp
默认","2K_120.mp4
2K_120_HDR.mp4
2K_Transparent_Prores.mov
2K_3D.mp4
4K_VR_Panorama.mp4
2K_HDR.png
2K_HDR.exr
512x512_Animated.gif
512x512_Animated.webp
Default","2K_120.mp4
2K_120_HDR.mp4
2K_透明_Prores.mov
2K_3D.mp4
4K_VR全景.mp4
2K_HDR.png
2K_HDR.exr
512x512_動圖.gif
512x512_動圖.webp
缺省",,,,,切换动作,Switch Action,切換動作
3,视口选中项,Viewport selected,視口選中項,,,👤,Alex 细手臂+表情,Alex (slim)_face,Alex 細手臂+表情,,,,📸,摇臂摄像机,Crane Camera,搖臂攝像機,,,🔧,“通用跟踪目标” tag,“Followed Target”  tag,“通用跟踪目標” tag,,,,重启Mineprep插件面板,Restart Mineprep Panel,重啓Mineprep插件面板,,,,,"普通 (sRGB)
HDR (Rec2100 PQ)
ACEScg
线性 (linear)","sRGB
HDR (Rec2100 PQ)
ACEScg
linear","普通 (sRGB)
HDR (Rec2100 PQ)
ACEScg
綫性 (linear)",,,,,断肢,Dismember,斷肢
4,内容浏览器选中项,Content Browser Selected,内容瀏覽器選中項,,,👤,Steve 模块化绑定,Steve_modular rig,Steve_模塊化綁定,,,,✨,曲线引导粒子,Curve Guide Particles,曲線引導粒子,,,🔧,“碰撞” tag,“collider”  tag,“碰撞” tag,,,,开发,Dev,開發,,,,,"720p#1280x720
1080p#1920x1080
2K#2560x1440
4K#3840x2160
VR_4K (2:1)#4096x2048
VR_8K (2:1)#8192x4096
DCI_2K (1.89:1)#2048x1080
DCI_4K (1.89:1)#4096x2160
老电影 4:3#1920x1440
宽屏 2.39:1#3440x1440
方形 512x512#512x512
竖屏 9:16#1080x1920","720p#1280x720
1080p#1920x1080
2K#2560x1440
4K#3840x2160
VR_4K (2:1)#4096x2048
VR_8K (2:1)#8192x4096
DCI_2K (1.89:1)#2048x1080
DCI_4K (1.89:1)#4096x2160
Classic film 4:3#1920x1440
Widescreen 2.39:1#3440x1440
Square 512x512#512x512
Portrait 9:16#1080x1920","720p#1280x720
1080p#1920x1080
2K#2560x1440
4K#3840x2160
VR_4K (2:1)#4096x2048
VR_8K (2:1)#8192x4096
DCI_2K (1.89:1)#2048x1080
DCI_4K (1.89:1)#4096x2160
老電影 4:3#1920x1440
寬屏 2.39:1#3440x1440
方形 512x512#512x512
竪屏 9:16#1080x1920",,,,,瘫痪,Paralyze,癱瘓
5,Blender路径,Blender path,Blender路徑,,,👤,Steve 直角弯折,Steve_angular bent,Steve_直角彎折,,,,#,滚动方块,Rolling Block,滾動方塊,,,📸,同步摄像机,Sync Camera,同步攝像機,,,,调试,Debug,調試,,,,,"无
模拟运行
第一人称
第三人称
FPV飞行","None
Run Simulation
First-person
Third-person
FPV Drone","無
模擬運行
第一人稱
第三人稱
FPV飛行",,,,,冲击,Impulse,衝擊
6,"勾选框：是否将此参数用于准备场景、更换材质和应用所选参数按钮📥
按住左键可批量刷选","Checkbox: Whether to use this param for Prep Scene, Swap Texture and “Apply Selected Params” button 📥
Hold Left Mouse Button to batch-check the boxes.","勾選框：是否將此參數用於準備場景、更換材質和套用所選參數按鈕 📥
按住左鍵可批量刷選",,,👤,Steve [NPC],Steve [NPC],Steve [NPC],,,,✨,粒子自碰撞,Self-collision Particles,粒子自碰撞,,,🔧,骑乘上一个选中项,Ride Previous-Selected Actors,騎乘上一個選中項,,,,添加MC关卡序列,Add MC Sequence,添加MC關卡序列,,,,,"CPU (慢)#CPU
Nvidia GPU#Nvidia
Intel GPU#Intel
AMD GPU#AMD
Apple GPU#Apple
Vulkan#Vulkan","CPU (slow)#CPU
Nvidia GPU#Nvidia
Intel GPU#Intel
AMD GPU#AMD
Apple GPU#Apple
Vulkan#Vulkan","CPU (慢)#CPU
Nvidia GPU#Nvidia
Intel GPU#Intel
AMD GPU#AMD
Apple GPU#Apple
Vulkan#Vulkan",,,,,起身并恢复动画,Rise & Restore Animation,起身並恢復動畫
7,"点击解锁滑条的范围限制（*你始终可以通过键盘输入超出范围的值）
按住左键可批量刷选","Click to unlock the slider’s range limit (*You can always enter values beyond the limit using keyboard)
Hold Left Mouse Button to batch-unlock this function.","點擊以解鎖滑條的範圍限制（*你始終可以透過鍵盤輸入超出範圍的數值）
按住左鍵可批量刷選",,,👤,Steve 高级运动匹配NPC,Advanced NPC,Steve 高級運動匹配NPC,,,,✨,落叶粒子,Falling Leaves,落葉粒子,,,✨,脚步粒子,Footstep Particles,脚步粒子,,,,① 保存渲染设置并切换空关卡,"① Save render config, open empty map",① 保存渲染設定並切換空關卡,,,,,"无#No
动图.gif#gif
动图.webp#webp
HDR/序列帧.png#png
HDR/动图.avif#avif
HDR/动图.jxl#jxl","None#No
Anim.gif#gif
Anim.webp#webp
HDR/Sequence.png#png
HDR/Anim.avif#avif
HDR/Anim.jxl#jxl","無#No
動圖.gif#gif
動圖.webp#webp
HDR/序列幀.png#png
HDR/動圖.avif#avif
HDR/動圖.jxl#jxl",,,,,开始/停止跑步,Start/End Run,開始/停止跑步
8,"实时同步，修改参数值能直接应用于选中项
按住左键可批量刷选","Live Link: modifying the param will be directly applied to selected actors.
Hold Left Mouse Button to batch-enable this function.","即時同步：修改參數值會直接套用到選中的項目
按住左鍵可批量刷選",,,🟩,僵尸,Zombie,喪屍(殭屍),,,,📸,飞行摄像机,FPV Flying Camera,飛行攝像機,,,🔧,阻隔（渲染为透明）,Alpha Holdout,阻隔（渲染為透明）,,,,② 从空关卡渲染动画(节约显存),② Then render animation (save VRAM),② 從空關卡渲染動畫(節省顯存),,,,,"两组独立输出
左右并排 FSBS
上下并列 FTB
红蓝滤色","Two Seperate Outputs
Full Side By Side
Full Top Bottom
Red-Cyan Anaglyph","兩組獨立輸出
左右並排 FSBS
上下並列 FTB
紅藍濾色",,,,,开始跳跃,Jump,開始跳躍
9,"关键帧按钮，左键对所有选中项添加关键帧，若参数名不存在则跳过
右键/中键会先应用参数值，再添加关键帧","Keyframe button: Left‑click to add keyframes to all selected actors; skip if the param name does not exist.
Right‑click / Middle‑click will apply the param value first, then add keyframes.","關鍵幀按鈕，左鍵為所有選中項添加關鍵幀，若參數名稱不存在則跳過
右鍵/中鍵會先套用參數值，再添加關鍵幀",,,🟩👤,僵尸 [NPC],Zombie [NPC],喪屍(殭屍) [NPC],,,,✨🌊,下雨粒子,Rain Particles,下雨粒子,,,📸,nDisplay 3D摄像机组,nDisplay 3D Camera Rig,nDisplay 3D攝像機組,,,,添加批量播片模板,Add Batch Playing Sequence Template,添加批量播片模板,,,,,,,,,,,,小键盘物理事件,Keypad Physical Event,小鍵盤物理事件
10,植物摇摆,Sway,植物搖擺,,,🟩,尸壳,Husk,屍殼,,,,✨🌊,下雪粒子,Snow Particles,下雪粒子,,,💡,局部调色遮罩(2D),Color Correction Window(2D),局部調色遮罩(2D),,,,,,,,,,,,,,,,,,批量切换表情,Batch Switch Facial Expression,批量切換表情
11,应用所选参数,Apply Selected Params,套用所選參數,,,🟩👤,尸壳 [NPC],Husk [NPC],屍殼 [NPC],,,,✨,爆炸粒子,Explosion Particles,爆炸粒子,,,💡,局部调色区域(3D),Color Correction Region(3D),局部調色區域(3D),,,,,,,,,,,,,,,,,,批量切换动作,Batch Switch Action,批量切換動作
12,按动态材质等级过滤参数,Filter params based on dynamic level,按動態材質等級過濾參數,,,🟩🌊,溺尸,Drowned,溺屍(沉屍),,,,👤,软体史蒂夫,Soft Body Steve,軟體史蒂夫,,,🔧,绑定父级至最后选中项,Set Parent to the last selected one,綁定父級至最後選中項,,,,,,,,,,,,,,,,,,批量断肢,Batch Dismember,批量斷肢
13,加载预设 :,Load Preset :,加載預設：,,,🟩🌊👤,溺尸 [NPC],Drowned [NPC],溺屍(沉屍) [NPC],,,,🔧,MC像素文字,MC Pixel Text,MC像素文字,,,✨𝓕,粒子/材质力场,Particle/Matertial Force Field,粒子/材質力場,,,,,,,,,,,,,,,,,,批量瘫痪,Batch Paralyze,批量癱瘓
14,倍率,Mult,倍率,,,🟥,猪灵,Piglin,豬人(豬布林),,,,📸,同步玩家摄像机,Sync Player Camera,同步玩家攝像機,,,🔧,动态设计效应器,Motion Design Effector,動態設計效應器,,,,,,,,,,,,,,,,,,批量冲击,Batch Impulse,批量衝擊
15,打开输出文件夹,Open Output Folder,打開輸出資料夾,,,🟥👤,猪灵 [NPC],Piglin [NPC],豬人(豬布林) [NPC],,,,💡,丁达尔体积光,God Rays Light,丁達爾體積光,,,🔧,简单倒角覆层材质,Simple Bevel Overlay Material,簡單倒角覆層材質,,,,,,,,,,,,,,,,,,批量起身并恢复动画,Batch Rise,批量起身並恢復動畫
16,输出图片序列帧格式,Image sequence :,輸出圖片序列幀格式,,,🟥,猪灵蛮兵,Piglin Brute,殘暴豬人(豬布林蠻兵),,,,💡,动态体积雾,Dynamic Volumetric Fog,動態體積霧,,,🔧,简单跟随路径运动控制器,Simple Follow Path Controller,簡單跟隨路徑運動控制器,,,,,,,,,,,,,,,,,,批量开始/停止跑步,Batch Start/End Run,批量開始/停止跑步
17,分辨率,Resolution,分辨率,,,🟥👤,猪灵蛮兵 [NPC],Piglin Brute [NPC],殘暴豬人(豬布林蠻兵) [NPC],,,,📸,导轨摄像机,Rail Camera,導軌攝像機,,,🔧,摇晃振动弹跳轨道,Shake/Vibrate/Bounce Track,搖晃振動彈跳軌道,,,,,,,,,,,,,,,,,,批量开始跳跃,Batch Jump,批量開始跳躍
18,采样数,Samples,採樣數,,,🟩,卫道士,Vindicator,衛道士,,,,✨,流体化自碰撞粒子,Fluid-style Collision Particles,流體化自碰撞粒子,,,🔧,空物体,Null Object,空物體,,,,,,,,,,,,,,,,,,批量小键盘物理事件,Batch Keypad Physical Event,批量小鍵盤物理事件
19,空间x时间,Spatial x Temporal,空間x時間,,,🟩👤,卫道士 [NPC],Vindicator [NPC],衛道士 [NPC],,,,🧱,堆放方块,Pile Up Blocks,堆放方塊,,,,,,,,,,,,,,,,,,,,,,,,,,
20,色彩管理,Color space,色彩管理,,,🟩,掠夺者,Pillager,掠奪者,,,,🧱👪🟩,背景生物散布器,Background Animal Scatter,背景生物散佈器,,,,,,,,,,,,,,,,,,,,,,,,,,
21,全景渲染,VR panorama render,全景渲染,,,🟩👤,掠夺者 [NPC],Pillager [NPC],掠奪者 [NPC],,,,📸,MC摄像机,MC Camera,MC攝像機,,,,,,,,,,,,,,,,,,,,,,,,,,
22,输出视频,Output a video,輸出視頻,,,🟩,骷髅,Skeleton,骷髏,,,,🔧,路标(触发器),Target Point (Trigger),路標(觸發器),,,,,,,,,,,,,,,,,,,,,,,,,,
23,视频编码,Encoder,視頻編碼,,,🟩👤,骷髅 [NPC],Skeleton [NPC],骷髏 [NPC],,,,💡,局部调色遮罩(2D),Color Correction Window(2D),局部調色遮罩(2D),,,,,,,,,,,,,,,,,,,,,,,,,,
24,硬件加速,Hardware,硬件加速,,,🟥,凋灵骷髅,Wither Skeleton,凋零骷髏,,,,💡,局部调色区域(3D),Color Correction Region(3D),局部調色區域(3D),,,,,,,,,,,,,,,,,,,,,,,,,,
25,色度抽样,Color codec,色度抽樣,,,🟥👤,凋灵骷髅 [NPC],Wither Skeleton [NPC],凋零骷髏 [NPC],,,,✨👪🟩,蜘蛛群粒子,Spider Swarm Particles,蜘蛛群粒子,,,,,,,,,,,,,,,,,,,,,,,,,,
26,质量,Quality,質量,,,🟩,流浪者,Stray,流浪者(流髑),,,,✨👪🟩,虫群粒子(蠹虫),Silverfish Swarm Particles,蟲群粒子(蠹魚),,,,,,,,,,,,,,,,,,,,,,,,,,
27,是HDR视频,HDR video,是HDR視頻,,,🟩👤,流浪者 [NPC],Stray [NPC],流浪者(流髑) [NPC],,,,✨👪🟨,虫群粒子(末影螨),Endermite Swarm Particles,蟲群粒子(終界蟎),,,,,,,,,,,,,,,,,,,,,,,,,,
28,更新渲染配置,Update Config,更新渲染配置,,,🟩,沼骸,Bogged,沼骨(沼骸),,,,𝓕,径向力场 (全局扩展),Radial Force (+World Field),徑向力場 (全局擴展),,,,,,,,,,,,,,,,,,,,,,,,,,
29,附魔,Enchant,附魔,,,🟩👤,沼骸 [NPC],Bogged [NPC],沼骨(沼骸) [NPC],,,,🧱🔧,距离场碰撞箱包裹器,SDF Collision Wrapper,距離場碰撞箱包裹器,,,,,,,,,,,,,,,,,,,,,,,,,,
30,祛魔,Disenchant,祛魔,,,🟩,猪,Pig,豬,,,,✨,灰尘粒子,Dust Particles,灰塵粒子,,,,,,,,,,,,,,,,,,,,,,,,,,
31,时间 (h),Time (h),時間 (h),,,🟩👤,猪 [NPC],Pig [NPC],豬 [NPC],,,,🧱👪🟩,观众人群散布器,Spectator Crowd Scatter,觀衆人群散佈器,,,,,,,,,,,,,,,,,,,,,,,,,,
32,太阳角度,Sun angle,太陽角度,,,🟩,马,Horse,馬,,,,🔧,遮罩层,Mask Layer,遮罩層,,,,,,,,,,,,,,,,,,,,,,,,,,
33,颜色,Color,顏色,,,🟩👤,马 [NPC],Horse [NPC],馬 [NPC],,,,📸,媒体抠像播放器,Media Keying Player,媒體摳像播放器,,,,,,,,,,,,,,,,,,,,,,,,,,
34,速度,Speed,速度,,,👤,Alex 长发大眼睛高级NPC,Alex (Hair&eyes) Advanced NPC,Alex 長髮大眼睛高級NPC,,,,🧱👪📸,媒体抠像散布器,Media Keying Scatter,媒體摳像散佈器,,,,,,,,,,,,,,,,,,,,,,,,,,
35,缩放,Scale,縮放,,,👤,拖拽布偶史蒂夫,Dragging Ragdoll Steve,拖拽布偶史蒂夫,,,,✨👪📸,媒体抠像粒子,Media Keying Particles,媒體摳像粒子,,,,,,,,,,,,,,,,,,,,,,,,,,
36,对比度,Contrast,對比度,,,🟩,铁傀儡,Iron Golem,鐵魔像(鐵巨人),,,,🔧,空物体,Empty Control,空物體,,,,,,,,,,,,,,,,,,,,,,,,,,
37,自定义帧率,Custom FPS,自定義幀率,,,🟩👤,铁傀儡 [NPC],Iron Golem [NPC],鐵魔像(鐵巨人) [NPC],,,,📸,监控摄像机,Monitor Camera,監控攝像機,,,,,,,,,,,,,,,,,,,,,,,,,,
38,输出名称,File Name,輸出名稱,,,🟩,牛,Cow,牛,,,,🟩,营火,Campfire,營火,,,,,,,,,,,,,,,,,,,,,,,,,,
39,启用碰撞,Collision,啟用碰撞,,,🟩👤,牛 [NPC],Cow [NPC],牛 [NPC],,,,✨,营火烟雾粒子,Campfire Smoke Particles,營火烟霧粒子,,,,,,,,,,,,,,,,,,,,,,,,,,
40,自发光,Glow,自發光,,,🟩,羊,Sheep,羊,,,,✨,爆装备粒子,Loot Drop Particles,爆裝備粒子,,,,,,,,,,,,,,,,,,,,,,,,,,
41,照明强度,Illuminance,照明強度,,,🟩👤,羊 [NPC],Sheep [NPC],羊 [NPC],,,,✨,爱心粒子,Breeding-Heart Particles,愛心粒子,,,,,,,,,,,,,,,,,,,,,,,,,,
42,自身亮度,Self-brightness,自身亮度,,,🟩,蠹虫,Silverfish,蠹魚,,,,✨,喷溅药水粒子,Splash Potion Particles,飛濺藥水粒子,,,,,,,,,,,,,,,,,,,,,,,,,,
43,灯光排除,Light Linking,燈光排除,,,🟨,末影螨,Endermite,終界蟎,,,,🔧,UI界面编辑器,UI Editor,UI界面編輯器,,,,,,,,,,,,,,,,,,,,,,,,,,
44,灯光组,Light group,燈光組,,,🟩,蜘蛛,Spider,蜘蛛,,,,🧱,远景地形生成器,Distant Landscape Generator,遠景地形生成器,,,,,,,,,,,,,,,,,,,,,,,,,,
45,网格体距离场分辨率,Distance field resolution,網格體距離場分辨率,,,🟩,洞穴蜘蛛,Cave Spider,洞穴蜘蛛,,,,💡,光照探测器,Light Detector,光照感測器,,,,,,,,,,,,,,,,,,,,,,,,,,
46,启用Nanite,Enable Nanite,啟用Nanite,,,🟥,恶魂,Ghast,地獄幽靈,,,,🔧,粒子高精度碰撞箱,Particle High-Res Collision Box,粒子高精度碰撞箱,,,,,,,,,,,,,,,,,,,,,,,,,,
47,渐变动画纹理,Gradient Animated Texture,漸變動畫紋理,,,🟥,快乐恶魂,Happy Ghast,快樂幽靈,,,,✨👪🟩,萤火虫粒子,Firefly Particles,螢火蟲粒子,,,,,,,,,,,,,,,,,,,,,,,,,,
48,投射阴影,Cast shadow,投射陰影,,,🟥,小恶魂,Ghastling,幽靈仔(小幽靈),,,,𝓕,全局力场,Global Force Field,全局力場,,,,,,,,,,,,,,,,,,,,,,,,,,
49,材质包路径,Texture pack path,材質包路徑,,,🟩,村民,Villager,村民,,,,𝓕,材质遮罩场,Material Mask Field,材質遮罩場,,,,,,,,,,,,,,,,,,,,,,,,,,
50,放置方块,Block,放置方塊,,,🟩👤,村民 [NPC],Villager [NPC],村民 [NPC],,,,𝓕,力场探测器,Force Field Detector,力場探測器,,,,,,,,,,,,,,,,,,,,,,,,,,
51,放置物品,Item,放置物品,,,🟥✨,烈焰人,Blaze,烈焰使者,,,,𝓕,动画偏移场,Anim Offset Field,動畫偏移場,,,,,,,,,,,,,,,,,,,,,,,,,,
52,过滤名称,Filter,過濾名稱,,,🟥,凋灵,Wither,凋零,,,,𝓕,角速度旋转场,Angular Rotation Field,角速度旋轉場,,,,,,,,,,,,,,,,,,,,,,,,,,
53,辉光,Bloom,輝光,,,🟥,疣猪兽,Hoglin,野豬獸(豬布獸),,,,,,,,,,,,,,,,,,,,,,,,,,,,,,,,,
54,强度,Intensity,強度,,,🟩,雪傀儡,Snow Golem,雪人,,,,,,,,,,,,,,,,,,,,,,,,,,,,,,,,,
55,阈值,Threshold,閾值,,,🟩,狼,Wolf,狼,,,,,,,,,,,,,,,,,,,,,,,,,,,,,,,,,
56,动态模糊,Motion Blur,動態模糊,,,🟩,猫,Cat,貓,,,,,,,,,,,,,,,,,,,,,,,,,,,,,,,,,
57,最大值,Max blur,最大值,,,🟩,悦灵,Allay,悅灵,,,,,,,,,,,,,,,,,,,,,,,,,,,,,,,,,
58,光程,Light Paths,光程,,,🟩,流浪商人,Wandering Trader,流浪商人,,,,,,,,,,,,,,,,,,,,,,,,,,,,,,,,,
59,反射次数,Reflection,反射次數,,,🟩👤,流浪商人 [NPC],Wandering Trader [NPC],流浪商人 [NPC],,,,,,,,,,,,,,,,,,,,,,,,,,,,,,,,,
60,折射次数,Refraction,折射次數,,,🟩,豹猫,Ocelot,豹貓(山貓),,,,,,,,,,,,,,,,,,,,,,,,,,,,,,,,,
61,色彩管理,Color management,色彩管理,,,🟩👤,豹猫 [NPC],Ocelot [NPC],豹貓(山貓) [NPC],,,,,,,,,,,,,,,,,,,,,,,,,,,,,,,,,
62,自动曝光,Auto exposure,自動曝光,,,🟩👤,蠹虫 [NPC],Silverfish [NPC],蠹魚 [NPC],,,,,,,,,,,,,,,,,,,,,,,,,,,,,,,,,
63,曝光补偿,Exposure,曝光補償,,,🟨👤,末影螨 [NPC],Endermite [NPC],終界蟎 [NPC],,,,,,,,,,,,,,,,,,,,,,,,,,,,,,,,,
64,阴影对比度,Shadow,陰影對比度,,,🟩👤,蜘蛛 [NPC],Spider [NPC],蜘蛛 [NPC],,,,,,,,,,,,,,,,,,,,,,,,,,,,,,,,,
65,高光对比度,Highlight,高光對比度,,,🟩👤,洞穴蜘蛛 [NPC],Cave Spider [NPC],洞穴蜘蛛 [NPC],,,,,,,,,,,,,,,,,,,,,,,,,,,,,,,,,
66,红蓝3D叠加输出,3D red-cyan anaglyph,紅藍3D疊加輸出,,,🟥👤,恶魂 [NPC],Ghast [NPC],地獄幽靈 [NPC],,,,,,,,,,,,,,,,,,,,,,,,,,,,,,,,,
67,锐化,Sharpen,銳化,,,🟥👤,快乐恶魂 [NPC],Happy Ghast [NPC],快樂幽靈 [NPC],,,,,,,,,,,,,,,,,,,,,,,,,,,,,,,,,
68,附加组件,Append,附加組件,,,🟥👤,小恶魂 [NPC],Ghastling [NPC],幽靈仔(小幽靈) [NPC],,,,,,,,,,,,,,,,,,,,,,,,,,,,,,,,,
69,放置生物,Mobs,放置生物,,,🟥✨👤,烈焰人 [NPC],Blaze [NPC],烈焰使者 [NPC],,,,,,,,,,,,,,,,,,,,,,,,,,,,,,,,,
70,预设素材,Preset,預設素材,,,🟥👤,凋灵 [NPC],Wither [NPC],凋零 [NPC],,,,,,,,,,,,,,,,,,,,,,,,,,,,,,,,,
71,生成 MC 天空,Create MC Sky,生成 MC 天空,,,🟥👤,疣猪兽 [NPC],Hoglin [NPC],野豬獸(豬布獸) [NPC],,,,,,,,,,,,,,,,,,,,,,,,,,,,,,,,,
72,光线追踪半透明,RT Translucency,光綫追蹤半透明,,,🟩👤,雪傀儡 [NPC],Snow Golem [NPC],雪人 [NPC],,,,,,,,,,,,,,,,,,,,,,,,,,,,,,,,,
73,卷积辉光,Convolution Bloom,捲積輝光,,,🟩👤,狼 [NPC],Wolf [NPC],狼 [NPC],,,,,,,,,,,,,,,,,,,,,,,,,,,,,,,,,
74,卷积阈值,Conv-Threshold,捲積閾值,,,🟩👤,猫 [NPC],Cat [NPC],貓 [NPC],,,,,,,,,,,,,,,,,,,,,,,,,,,,,,,,,
75,卷积倍率,Conv-Mult,捲積倍率,,,🟩👤,悦灵 [NPC],Allay [NPC],悅灵 [NPC],,,,,,,,,,,,,,,,,,,,,,,,,,,,,,,,,
76,仅复杂碰撞,Complex Only,僅複雜碰撞,,,,,,,,,,,,,,,,,,,,,,,,,,,,,,,,,,,,,,,
77,材质,Material,材質,,,,,,,,,,,,,,,,,,,,,,,,,,,,,,,,,,,,,,,
78,覆层材质,Overlay,覆層材質,,,,,,,,,,,,,,,,,,,,,,,,,,,,,,,,,,,,,,,
79,物理材质,Physics,物理材質,,,,,,,,,,,,,,,,,,,,,,,,,,,,,,,,,,,,,,,
80,重载材质,Replace Material,重載材質,,,,,,,,,,,,,,,,,,,,,,,,,,,,,,,,,,,,,,,
81,处理录制的动画,Process Recording,處理錄製的動畫,,,,,,,,,,,,,,,,,,,,,,,,,,,,,,,,,,,,,,,
82,漫反射增强,Diffuse Boost,漫反射增強,,,,,,,,,,,,,,,,,,,,,,,,,,,,,,,,,,,,,,,
83,暖场帧,Warm-up Frames,暖場幀,,,,,,,,,,,,,,,,,,,,,,,,,,,,,,,,,,,,,,,
84,双击可立即运行此项,Double-click to run this immediately,雙擊可立即運行此項,,,,,,,,,,,,,,,,,,,,,,,,,,,,,,,,,,,,,,,
85,次表面散射,Subsurface,次表面散射,,,,,,,,,,,,,,,,,,,,,,,,,,,,,,,,,,,,,,,
86,高级设置,Settings,高級設置,,,,,,,,,,,,,,,,,,,,,,,,,,,,,,,,,,,,,,,
87,渲染输出,Render Output,渲染輸出,,,,,,,,,,,,,,,,,,,,,,,,,,,,,,,,,,,,,,,
88,生成器,Spawner,生成器,,,,,,,,,,,,,,,,,,,,,,,,,,,,,,,,,,,,,,,
89,其他功能,Other Tools,其他功能,,,,,,,,,,,,,,,,,,,,,,,,,,,,,,,,,,,,,,,
90,右键显示参数,Right-click to show parameters,右鍵顯示參數,,,,,,,,,,,,,,,,,,,,,,,,,,,,,,,,,,,,,,,
91,室内天空光照,Indoor Skylight,室内天空光照,,,,,,,,,,,,,,,,,,,,,,,,,,,,,,,,,,,,,,,
92,全语言搜索,Search all languages,全語言搜索,,,,,,,,,,,,,,,,,,,,,,,,,,,,,,,,,,,,,,,
93,一键渲染动画 !,Render Animation !,一鍵渲染動畫 !,,,,,,,,,,,,,,,,,,,,,,,,,,,,,,,,,,,,,,,
94,重新初始化插件,Reinitialize Plugin,重新初始化插件,,,,,,,,,,,,,,,,,,,,,,,,,,,,,,,,,,,,,,,
95,UI界面缩放,UI Scale,UI界面縮放,,,,,,,,,,,,,,,,,,,,,,,,,,,,,,,,,,,,,,,
96,朗读鼠标下文本,Text To Speech,朗讀鼠標下文本,,,,,,,,,,,,,,,,,,,,,,,,,,,,,,,,,,,,,,,
97,内存预加载,Memory Pre-load,内存預加載,,,,,,,,,,,,,,,,,,,,,,,,,,,,,,,,,,,,,,,
98,运行时按键映射,Runtime Key mapping,運行時按鍵映射,,,,,,,,,,,,,,,,,,,,,,,,,,,,,,,,,,,,,,,
99,编辑器HDR亮度,Editor Brightness,編輯器HDR亮度,,,,,,,,,,,,,,,,,,,,,,,,,,,,,,,,,,,,,,,
100,调色示波器,Color Scopes,調色示波器,,,,,,,,,,,,,,,,,,,,,,,,,,,,,,,,,,,,,,,
101,采样步长,Sample Steps,采樣步長,,,,,,,,,,,,,,,,,,,,,,,,,,,,,,,,,,,,,,,
102,波形图亮度,Scope Brightness,波形圖亮度,,,,,,,,,,,,,,,,,,,,,,,,,,,,,,,,,,,,,,,
103,编辑器快捷键,Editor Shortcuts,編輯器快捷鍵,,,,,,,,,,,,,,,,,,,,,,,,,,,,,,,,,,,,,,,
104,打开引擎快捷键菜单,Open Engine Shortcuts Menu,打開引擎快捷鍵菜單,,,,,,,,,,,,,,,,,,,,,,,,,,,,,,,,,,,,,,,
105,打开快捷键事件蓝图,Open Shortcut Events Blueprint,打開快捷鍵事件藍圖,,,,,,,,,,,,,,,,,,,,,,,,,,,,,,,,,,,,,,,
106,环境光遮蔽,Ambient Occlusion,環境光遮蔽,,,,,,,,,,,,,,,,,,,,,,,,,,,,,,,,,,,,,,,
107,距离,Distance,距離,,,,,,,,,,,,,,,,,,,,,,,,,,,,,,,,,,,,,,,
108,平滑滚动面板,Smooth Rolling,平滑滾動面板,,,,,,,,,,,,,,,,,,,,,,,,,,,,,,,,,,,,,,,
109,渲染音频,Render Audio,渲染音頻,,,,,,,,,,,,,,,,,,,,,,,,,,,,,,,,,,,,,,,
110,鼠标悬停时打开此面板,Show Panels When Hovering,鼠標懸停時打開此面板,,,,,,,,,,,,,,,,,,,,,,,,,,,,,,,,,,,,,,,
111,静态材质,Static,靜態材質,,,,,,,,,,,,,,,,,,,,,,,,,,,,,,,,,,,,,,,
112,动态材质,Dynamic,動態材質,,,,,,,,,,,,,,,,,,,,,,,,,,,,,,,,,,,,,,,
113,交互强度,Interaction,交互强度,,,,,,,,,,,,,,,,,,,,,,,,,,,,,,,,,,,,,,,
114,双面,Two-sided,雙面,,,,,,,,,,,,,,,,,,,,,,,,,,,,,,,,,,,,,,,
115,尝试放置生物宝宝,Try spawn baby mobs,嘗試放置生物寶寶,,,,,,,,,,,,,,,,,,,,,,,,,,,,,,,,,,,,,,,
116,"过滤特定种类
*左键选择此类，中键仅选择此类，右键排除此类","Filter Types
Left-click to include this type;
Middle-click to only select this type;
Right-click to exclude this type.","過濾特定種類
*左鍵選擇此類，中鍵進選擇此類，右鍵排除此類",,,,,,,,,,,,,,,,,,,,,,,,,,,,,,,,,,,,,,,
117,选择透明图片，导入为3D模型,"Select a transparent image, import as 3D model",選擇透明圖片，導入為3D模型,,,,,,,,,,,,,,,,,,,,,,,,,,,,,,,,,,,,,,,
118,右键开始录制选中对象的动画,Right-click to record animation for selected actors,右鍵開始錄製選中對象的動畫,,,,,,,,,,,,,,,,,,,,,,,,,,,,,,,,,,,,,,,
119,右键打开调色面板,Right-click to open color grading panel,右鍵打開調色面板,,,,,,,,,,,,,,,,,,,,,,,,,,,,,,,,,,,,,,,
120,右键在MC场景编辑器模式和普通选择模式之间切换,Right-click to switch between MC World Editor mode and default selection mode,右鍵在MC場景編輯器模式和普通選擇模式之間切換,,,,,,,,,,,,,,,,,,,,,,,,,,,,,,,,,,,,,,,
121,使用当前时间线,Use Current Timeline,使用當前時間線,,,,,,,,,,,,,,,,,,,,,,,,,,,,,,,,,,,,,,,
122,创建副本,Create a Copy,創建副本,,,,,,,,,,,,,,,,,,,,,,,,,,,,,,,,,,,,,,,
123,直接录制动画到对象上,Directly Record on Actors,直接錄制動畫到對象上,,,,,,,,,,,,,,,,,,,,,,,,,,,,,,,,,,,,,,,
124,每个对象创建子序列,Create Subsequences,每個對象創建子序列,,,,,,,,,,,,,,,,,,,,,,,,,,,,,,,,,,,,,,,
125,录制帧率,Frame Rate,錄制幀率,,,,,,,,,,,,,,,,,,,,,,,,,,,,,,,,,,,,,,,
126,录制前倒计时,Countdown,錄制前倒計時,,,,,,,,,,,,,,,,,,,,,,,,,,,,,,,,,,,,,,,
127,游戏模式,Game Mode,遊戲模式,,,,,,,,,,,,,,,,,,,,,,,,,,,,,,,,,,,,,,,
128,"调整定向光源(日月)阴影模式
默认(白色)：Megalights光追阴影
左键(绿色)：Megalights虚拟阴影贴图，质量好性能差
右键(红色)：禁用Megalights，退回Lumen","Adjust the directional light (Sun/Moon) shadow mode
Default (White): Megalights Raytraced shadow
Left Click (Green): Megalights VSM — higher quality, lower performance
Right Click (Red): Disable Megalights and fall back to Lumen","調整定向光源(日/月)陰影模式
預設(白色)：Megalights光線追蹤陰影
左鍵(綠色)：Megalights虛擬陰影貼圖，品質高但效能差
右鍵(紅色)：停用Megalights，回退至Lumen",,,,,,,,,,,,,,,,,,,,,,,,,,,,,,,,,,,,,,,
129,HDR渲染亮度倍率,Render Brightness Mult,HDR渲染亮度倍率,,,,,,,,,,,,,,,,,,,,,,,,,,,,,,,,,,,,,,,
130,图片转码,Image Transcode,圖片轉碼,,,,,,,,,,,,,,,,,,,,,,,,,,,,,,,,,,,,,,,
131,3D格式,3D Format,3D格式,,,,,,,,,,,,,,,,,,,,,,,,,,,,,,,,,,,,,,,
132,渲染结束打开文件夹,Open Folder After Render,渲染結束打開文件夾,,,,,,,,,,,,,,,,,,,,,,,,,,,,,,,,,,,,,,,
133,渲染结束提示音,Render Finish Sound,渲染結束提示音,,,,,,,,,,,,,,,,,,,,,,,,,,,,,,,,,,,,,,,
134,删除原图,Delete Source Sequence,刪除原圖,,,,,,,,,,,,,,,,,,,,,,,,,,,,,,,,,,,,,,,
135,"*此按钮将远程调用Blender Mcprep*
左键直接导入模型，右键弹出对话框","*This button will make a remote function call to Blender Mcprep*
Left-click to directly import the model, right-click to pop up a dialog box","*此按鈕將遠程調用Blender Mcprep*
左鍵直接導入模型，右鍵彈出對話框",,,,,,,,,,,,,,,,,,,,,,,,,,,,,,,,,,,,,,,
136,导入世界,Import Wortld,導入世界,,,,,,,,,,,,,,,,,,,,,,,,,,,,,,,,,,,,,,,
137,自动准备场景,Run Prep Scene,自動準備場景,,,,,,,,,,,,,,,,,,,,,,,,,,,,,,,,,,,,,,,
138,平直着色（重置法线）,Shade Flat (Reset Normal),平直著色（重置法綫）,,,,,,,,,,,,,,,,,,,,,,,,,,,,,,,,,,,,,,,
139,左键打开插件面板本地化文件，右键打开Actor细节面板本地化文件,Left‑click to open the localization file for plugin panel; right‑click to open the localization file for Actor details panel.,左鍵打開插件面板的本地化文件，右鍵開啟 Actor 細節面板的本地化文件,,,,,,,,,,,,,,,,,,,,,,,,,,,,,,,,,,,,,,,
140,半透明,Translucent,半透明,,,,,,,,,,,,,,,,,,,,,,,,,,,,,,,,,,,,,,,
141,"点击后应用此参数至选中项
双击时应用参数并保存更改","Click to apply this param to the selected actors.
Double‑click to apply the param then save the changes.","點擊後將此參數套用至選中項
雙擊時套用參數並保存變更",,,,,,,,,,,,,,,,,,,,,,,,,,,,,,,,,,,,,,,
142,方块,Block,方塊,,,,,,,,,,,,,,,,,,,,,,,,,,,,,,,,,,,,,,,
143,生物,Mob,生物,,,,,,,,,,,,,,,,,,,,,,,,,,,,,,,,,,,,,,,
144,自定义参数名,Custom Param Name,自定義參數名,,,,,,,,,,,,,,,,,,,,,,,,,,,,,,,,,,,,,,,
